Country,Year,Students enrolled in primary education (thousands),Students enrolled in secondary education (thousands),Students enrolled in tertiary education (thousands),Labour_Force,Unemployment_rate
Afghanistan,2005,4318.820000000001,651.453,0,8459571,2.94199991226196
Afghanistan,2009,4945.63,1716.1899999999998,95.18499999999999,9244457,2.47000002861023
Afghanistan,2010,5279.33,2044.1599999999999,0,9516457,2.27500009536743
Afghanistan,2014,6217.76,2602.73,262.874,11611982,1.73500001430511
Afghanistan,2015,6333.7,2698.82,0,12213764,1.67900002002716
Afghanistan,2017,6358.78,2907.8,0,13285878,1.55900001525879
Afghanistan,2018,0,0,370.61,13760401,1.54200005531311
Albania,2005,237.975,407.40299999999996,63.257,1282212,16.8740005493164
Albania,2010,224.781,355.871,122.326,1225744,14.0860004425049
Albania,2014,195.72,333.29099999999994,173.819,1275842,17.4899997711182
Albania,2015,188.371,315.079,160.52700000000002,1333035,17.0799999237061
Albania,2017,174.836,280.378,139.607,1333543,13.75
Algeria,2005,4361.74,3654.23,792.121,10042331,15.2700004577637
Algeria,2010,3312.44,4616.23,1144.27,11136913,9.96000003814697
Algeria,2011,3363.24,4572.51,1188.56,11358846,9.96000003814697
Algeria,2014,3765.3100000000004,0,1245.48,11642537,10.2069997787476
Algeria,2015,3925.4300000000003,0,1289.47,11794751,11.206000328064
Algeria,2017,4283.21,0,1545.52,12087847,11.996000289917
Angola,2005,0,0,48.184,8022083,20.5319995880127
Angola,2006,0,0,48.694,8300143,17.673999786377
Angola,2010,4273.01,850.334,0,9580585,9.08899974822998
Angola,2011,5026.8,884.982,142.798,9926136,7.36199998855591
Angola,2013,0,0,218.67899999999997,10673187,7.4539999961853
Angola,2015,5620.92,0,221.037,11477177,7.27899980545044
Angola,2016,0,2034.1499999999999,253.287,11891201,7.2810001373291
Azerbaijan,2005,568.097,0,0,3888448,7.30000019073486
Azerbaijan,2010,481.551,0,180.727,4454608,5.63000011444092
Azerbaijan,2014,517.7080000000001,0,195.401,4788222,4.90999984741211
Azerbaijan,2015,551.118,0,204.15200000000002,4873418,4.96000003814697
Azerbaijan,2017,607.391,0,206.196,5032491,5
Argentina,2005,4872.89,3884.32,2082.58,17751236,11.5059995651245
Argentina,2010,4947.110000000001,4213.14,2520.9900000000002,18521029,7.71400022506714
Argentina,2014,4780.110000000001,4450.74,2869.4500000000003,19207364,7.26800012588501
Argentina,2015,4784.45,4501.73,2966.13,19535669,7.64300012588501
Argentina,2016,4775.78,4583,3061.14,19848337,8.01599979400635
Australia,2005,1934.94,0,0,10556752,5.03200006484985
Australia,2010,2015.02,0,0,11692524,5.21099996566772
Australia,2014,2168.53,0,0,12339232,6.07800006866455
Australia,2015,2140.57,2709.32,1903.45,12572548,6.05600023269653
Australia,2017,2216.7799999999997,2650.4900000000002,1774.85,12978569,5.5939998626709
Austria,2005,362.822,781.292,0,4017205,5.62799978256226
Austria,2010,328.015,743.7090000000001,385.49899999999997,4276558,4.82000017166138
Austria,2014,327.2468,697.3884,421.2248,4412078,5.61999988555908
Austria,2015,327.8168,691.0713000000001,425.97169999999994,4460834,5.72300004959106
Austria,2017,334.93319999999994,687.3617999999999,430.3704,4561842,5.49900007247925
Bahrain,2005,83.299,71.645,18.841,453396,0.986000001430511
Bahrain,2006,89.721,73.76700000000001,18.403,501657,0.904999971389771
Bahrain,2010,0,79.91900000000001,0,714129,1.12999999523163
Bahrain,2014,103.806,90.092,38.113,758823,1.14900004863739
Bahrain,2015,108.154,92.45400000000001,38.900999999999996,777898,1.07599997520447
Bahrain,2017,113.47,97.733,42.717,867762,0.947000026702881
Bangladesh,2005,16219.48,10109.4,911.6,53757570,4.25
Bangladesh,2009,16539.39,10907.07,1582.1799999999998,57592829,5
Bangladesh,2010,16987.109999999997,11334.06,0,58567326,3.37899994850159
Bangladesh,2013,0,13314.08,0,61942792,4.42600011825562
Bangladesh,2014,0,0,2068.36,63096508,4.41099977493286
Bangladesh,2015,0,14566.77,0,64254261,4.41599988937378
Bangladesh,2017,17251.35,15314.76,2763.25,69246662,4.37200021743774
Armenia,2005,125.149,369.73599999999993,115.475,1307902,10.8000001907349
Armenia,2010,101.819,305.765,146.125,1379805,19.007999420166
Armenia,2014,142.517,244.54299999999998,113.09,1411628,17.4979991912842
Armenia,2015,144.54899999999998,240.291,105.865,1397970,18.2609996795654
Armenia,2017,152.134,0,104.838,1374665,17.8269996643066
Barbados,2005,22.249,21.418,0,150997,9.07999992370605
Barbados,2010,22.659000000000002,19.497,13.232,152250,10.6899995803833
Barbados,2011,22.509,19.696,12.421,152874,11.1899995803833
Barbados,2014,21.171000000000003,20.603,0,148959,12.1700000762939
Barbados,2015,20.909,20.554000000000002,0,150500,11.3500003814697
Barbados,2017,20.384,20.249,0,152488,9.48700046539307
Belgium,2005,738.58,1200.32,389.547,4616055,8.4399995803833
Belgium,2010,731.761,1202.78,445.309,4887403,8.29199981689453
Belgium,2014,773.568,1210.11,495.90999999999997,4984468,8.52299976348877
Belgium,2015,782.606,1217.91,504.745,5000910,8.48200035095215
Belgium,2016,797.39,1196.3799999999999,508.27,5004628,7.82999992370605
Bhutan,2005,99.458,42.144,3.553,300294,3.09999990463257
Bhutan,2010,110.369,60.036,5.4990000000000006,352752,3.3199999332428
Bhutan,2013,104.323,68.77499999999999,8.543,361128,2.86999988555908
Bhutan,2014,101.667,74.227,0,360141,2.63000011444092
Bhutan,2015,99.29100000000001,74.32,0,380655,2.45000004768372
Bhutan,2017,94.184,75.44400000000002,0,396221,2.17000007629395
Bosnia and Herzegovina,2005,0,0,84.422,1520767,30.4899997711182
Bosnia and Herzegovina,2010,175.271,322.76599999999996,105.137,1511194,27.3120002746582
Bosnia and Herzegovina,2014,161.023,297.46,111.97,1429288,27.5170001983643
Bosnia and Herzegovina,2015,162.629,278.07099999999997,108.475,1413403,27.6499996185303
Bosnia and Herzegovina,2017,161.483,253.07,102.232,1412753,20.4699993133545
Botswana,2005,329.191,173.02700000000002,19.655,755534,19.8320007324219
Botswana,2006,330.417,176.90200000000002,21.738,782726,17.7999992370605
Botswana,2008,327.23299999999995,168.22,31.129,816307,15.9300003051758
Botswana,2009,330.775,0,47.888999999999996,833694,16.1690006256104
Botswana,2010,0,0,42.366,813670,17.8600006103516
Botswana,2014,340.7,0,55.12800000000001,1053568,18.2229995727539
Botswana,2015,0,0,60.583,1080041,17.9559993743896
Botswana,2017,0,0,49.443999999999996,1131720,17.6310005187988
Brazil,2005,18661.109999999997,24863.109999999997,4572.3,90060879,9.56799983978271
Brazil,2009,17451.89,23616.940000000002,6115.14,95821296,8.52200031280518
Brazil,2010,16893.49,23538.72,6552.71,95754940,7.72599983215332
Brazil,2014,16630.22,24224.95,8072.150000000001,100603554,6.67000007629395
Brazil,2015,16299.17,23501.780000000002,8285.48,102301658,8.4370002746582
Brazil,2016,16118.57,23538.07,8319.09,103212428,11.6090002059937
Belize,2005,50.247,29.185,4.571000000000001,110605,10.9099998474121
Belize,2010,52.65,32.78,7.008,139054,11.6590003967285
Belize,2014,51.978,37.095000000000006,8.635,158175,11.5699996948242
Belize,2015,52.072,37.855999999999995,8.562000000000001,161220,9.97000026702881
Belize,2017,51.512,39.756,9.425,172033,9
Solomon Islands,2005,75.082,22.487,0,200687,2.33599996566772
Solomon Islands,2010,95.37899999999999,39.706,0,226120,1.72699999809265
Solomon Islands,2012,97.54700000000001,41.660000000000004,0,235530,2.08500003814697
Solomon Islands,2014,101.98100000000001,0,0,247869,2.09699988365173
Solomon Islands,2015,104.236,0,0,254012,2.01300001144409
Solomon Islands,2017,108.396,0,0,267139,1.77100002765656
Brunei Darussalam,2005,46.012,43.9,5.023,176813,5.86899995803833
Brunei Darussalam,2010,44.215,48.724000000000004,5.776000000000001,191129,6.65799999237061
Brunei Darussalam,2014,41.078,49.009,11.292,206115,6.96500015258789
Brunei Darussalam,2015,40.397,47.249,10.866000000000001,209669,7.75600004196167
Brunei Darussalam,2017,39.61,44.464,11.593,215805,9.31599998474121
Bulgaria,2005,290.017,685.64,237.909,3334372,10.0830001831055
Bulgaria,2010,260.34000000000003,531.98,287.08599999999996,3426004,10.2790002822876
Bulgaria,2014,258.84000000000003,518.914,283.294,3370952,11.423999786377
Bulgaria,2015,261.79299999999995,501.39799999999997,278.953,3344317,9.14299964904785
Bulgaria,2016,261.969,487.087,266.707,3273207,7.57499980926514
Myanmar,2005,4948.2,2589.3100000000004,0,23351402,1.06500005722046
Myanmar,2007,5013.58,2686.2,507.66,23444272,0.837000012397766
Myanmar,2010,5125.94,2852.4500000000003,0,23679000,0.910000026226044
Myanmar,2012,0,0,634.3059999999999,24122386,0.870000004768372
Myanmar,2014,5177.28,3191.27,0,24555531,0.792999982833862
Myanmar,2017,5388.35,3970.71,771.3209999999999,24320375,1.55099999904633
Burundi,2005,1036.86,171.10999999999999,16.915,3267144,1.94799995422363
Burundi,2010,1849.86,337.577,29.269,3888282,1.79999995231628
Burundi,2014,2046.79,583.308,51.22500000000001,4283003,1.57000005245209
Burundi,2015,2072.4100000000003,664.243,0,4422039,1.59200000762939
Burundi,2017,2126.17,665.116,61.724000000000004,4720326,1.50100004673004
Belarus,2005,379.577,0,528.508,4963329,8.53499984741211
Belarus,2010,357.79599999999994,762.616,568.772,5093060,6.06099987030029
Belarus,2014,368.78299999999996,648.5409999999999,517.5780000000001,5114514,5.89300012588501
Belarus,2015,387.051,644.153,477.22099999999995,5115089,5.91300010681152
Belarus,2017,423.001,644.334,418.745,5059285,5.65000009536743
Cambodia,2005,2695.3700000000003,0,56.809999999999995,6807616,1.47000002861023
Cambodia,2008,2340.61,930.2,137.49,7634617,1.15100002288818
Cambodia,2010,2272.53,0,195.166,8146407,1.37699997425079
Cambodia,2011,2224.27,0,223.222,8246915,1.317999958992
Cambodia,2014,2128.69,0,0,8533669,1.23199999332428
Cambodia,2015,2178.92,0,217.364,8602107,1.19599997997284
Cambodia,2017,2111.63,0,207.60299999999998,8906218,1.06200003623962
Cameroon,2005,2977.7799999999997,784.2030000000001,99.864,7968365,4.40000009536743
Cameroon,2009,3350.66,1268.6599999999999,174.14399999999998,8548682,3.69300007820129
Cameroon,2010,3510.4,0,220.33100000000002,8574179,4.1100001335144
Cameroon,2014,4142.78,2000.08,349.756,9638622,3.53399991989136
Cameroon,2015,4369.99,2108.2799999999997,371.568,9928748,3.53900003433228
Cameroon,2016,4481.24,2206.88,417.16900000000004,10220533,3.47099995613098
Cameroon,2017,4371.38,0,0,10524055,3.35899996757507
Canada,2005,2320.74,2601.9300000000003,0,17734768,6.75799989700317
Canada,2010,2168.02,2611.62,1430.1699999999998,18913515,8.05599975585938
Canada,2014,2249.16,2661.09,1577.77,19601430,6.91400003433228
Canada,2015,2303.96,2641.68,1564.1299999999999,19732875,6.9060001373291
Canada,2016,2318.9100000000003,2640.9300000000003,1593.3799999999999,19926490,6.99900007247925
Cabo Verde,2005,82.985,52.671,3.9099999999999997,188537,11.2340002059937
Cabo Verde,2010,71.134,61.677,10.143999999999998,220301,10.6700000762939
Cabo Verde,2014,67.023,59.823,13.397,244767,11.9930000305176
Cabo Verde,2015,65.58,58.657,12.537999999999998,250774,12.1140003204346
Cabo Verde,2017,63.582,56.469,12.446,262561,12.2410001754761
Central African Republic,2005,412.381,0,0,1730856,7.32999992370605
Central African Republic,2009,608.075,93.34100000000001,10.427,1837245,6.87200021743774
Central African Republic,2010,636.871,0,11.158,1856148,6.92600011825562
Central African Republic,2012,662.3169999999999,125.90700000000001,12.522,1852767,6.91800022125244
Central African Republic,2016,813.7669999999999,118.883,0,1875474,6.64699983596802
Central African Republic,2017,0,137.844,0,1908906,6.44700002670288
Sri Lanka,2005,1610.78,0,0,8183016,7.67000007629395
Sri Lanka,2010,1720.81,2524.67,261.64700000000005,8242391,4.94000005722046
Sri Lanka,2013,1767.32,2605.6,297.782,8498965,4.44000005722046
Sri Lanka,2014,1777.82,0,301.681,8452073,4.40000009536743
Sri Lanka,2015,1778.1799999999998,0,308,8464856,4.67000007629395
Sri Lanka,2017,1746.84,2648.66,290.49499999999995,8586360,4.17999982833862
Chad,2005,1262.3899999999999,245.286,12.373000000000001,3679228,1.48800003528595
Chad,2010,1727.03,430.383,22.130000000000003,4372223,1.61899995803833
Chad,2014,2442.66,508.72999999999996,42.463,5046129,2.05299997329712
Chad,2015,2270.1,513.248,0,5234203,2.17199993133545
Chad,2016,2213.22,535.112,0,5421231,2.41700005531311
Chile,2005,1720.95,1630.1,663.6940000000001,6997073,9.34000015258789
Chile,2010,1546.54,1518.22,987.643,8005210,8.42399978637695
Chile,2014,1469.1,1556.37,1205.1799999999998,8640733,6.66499996185303
Chile,2015,1477.54,1546.32,1221.77,8755232,6.50799989700317
Chile,2017,1514.76,1520.72,1238.99,8972492,6.95800018310547
China,2005,0,0,20601.22,766360863,4.5
China,2010,101018.62000000001,99218.08,31046.74,779956733,4.5
China,2013,98870.82,94324.42,34091.28999999999,787010207,4.59999990463257
China,2014,95107.12000000001,88691.79,41924.2,788179264,4.59999990463257
China,2015,95958.04,86127.2,43367.39,788901659,4.59999990463257
China,2017,100321.03,83407.93,44127.51,789899683,4.40000009536743
Colombia,2005,5298.26,4297.23,1223.59,20653231,11.8699998855591
Colombia,2010,5084.969999999999,5079.73,1674.42,23402384,10.9840002059937
Colombia,2014,4542.64,4827.96,2220.65,25374066,8.57199954986572
Colombia,2015,4479.22,4793.96,2293.55,25861740,8.29899978637695
Colombia,2017,4351.71,4784.85,2446.3100000000004,26290727,8.87199974060059
Comoros,2008,111.115,0,0,162521,3.78600001335144
Comoros,2010,0,0,3.905,173315,4.23099994659424
Comoros,2014,120.381,70.23400000000001,6.4990000000000006,196422,4.07499980926514
Comoros,2017,121.51700000000001,67.44500000000001,0,215331,3.69600009918213
Costa Rica,2005,542.087,347.244,0,1927487,6.57100009918213
Costa Rica,2010,520.609,413.686,0,2110747,7.1710000038147
Costa Rica,2014,475.73099999999994,460.23499999999996,216.751,2312680,9.05900001525879
Costa Rica,2015,473.447,460.252,217.841,2307062,8.99899959564209
Costa Rica,2016,475.756,462.855,217.55,2243594,8.59799957275391
Costa Rica,2017,0,0,221.291,2306821,8.14200019836426
Croatia,2005,196.253,400.123,134.65800000000002,1935848,12.5979995727539
Croatia,2010,167.45200000000003,388.515,149.853,1913390,11.6199998855591
Croatia,2014,160.819,370.356,166.061,1890446,17.2900009155273
Croatia,2015,162.35500000000002,360.205,162.02200000000002,1893618,16.1749992370605
Croatia,2016,162.51899999999998,349.018,162.017,1833304,13.1029996871948
Cuba,2005,895.045,937.493,471.858,4801093,1.95000004768372
Cuba,2010,852.744,808.904,800.873,5197928,2.5
Cuba,2013,772.023,787.297,373.28599999999994,5212921,3.28999996185303
Cuba,2014,763.3639999999999,830.375,301.77299999999997,5213920,2.70000004768372
Cuba,2015,745.7330000000001,825.055,261.41299999999995,5208705,2.40000009536743
Cuba,2017,733.7700000000001,815.7860000000001,286.54200000000003,5180423,2.27800011634827
Cyprus,2005,61.247,64.293,20.078,518096,5.30399990081787
Cyprus,2010,54.806,63.662000000000006,32.233000000000004,585664,6.26300001144409
Cyprus,2014,53.129000000000005,58.634,33.674,604607,16.0879993438721
Cyprus,2015,53.773,57.161,37.166000000000004,604303,14.9079999923706
Sub-Saharan Africa,2005,113401.83,32017.73,4073.9500000000003,293444766,7.10193870037192
Sub-Saharan Africa,2010,135890.7,44918.950000000004,5863.28,333285378,6.321989962653827
Sub-Saharan Africa,2014,154890.64,54747.4,7509.21,372518422,5.891261284344263
Sub-Saharan Africa,2015,156751.7,57117.17,7719.75,384196224,6.067943175195168
Sub-Saharan Africa,2017,164725.55,59298.27,8034.06,408448148,6.114944166214704
Benin,2005,1318.1399999999999,0,42.197,3186622,0.805000007152557
Benin,2010,1787.94,0,114.38199999999999,3670008,1.03999996185303
Benin,2014,2133.3300000000004,896.763,149.91299999999998,4142756,2.54099988937378
Benin,2015,2238.19,963.787,131.29899999999998,4278146,2.46300005912781
Benin,2016,2267.84,992.999,129.30200000000002,4414908,2.41899991035461
Benin,2017,2251.56,0,0,4557465,2.1800000667572
Denmark,2005,414.103,464.952,232.255,2900837,4.82999992370605
Denmark,2010,403.34400000000005,504.205,240.536,2929914,7.46400022506714
Denmark,2014,467.484,553.791,301.399,2907004,6.58900022506714
Denmark,2015,468.53599999999994,553.263,313.756,2931334,6.16800022125244
Denmark,2016,471.787,540.622,314.822,3024482,6.18100023269653
Dominican Republic,2005,1289.75,808.3519999999999,0,3512028,6.58699989318848
Dominican Republic,2010,1317.8,904.5269999999999,0,3911218,5.21199989318848
Dominican Republic,2014,1267.93,931.068,455.822,4394997,6.7189998626709
Dominican Republic,2015,1307.1299999999999,929.493,480.103,4686531,7.60500001907349
Dominican Republic,2017,1253.34,924.737,556.523,4869358,5.83199977874756
Ecuador,2005,1997.62,1053.1799999999998,0,6294524,3.77900004386902
Ecuador,2008,2008.02,0,534.5219999999999,6737789,3.91700005531311
Ecuador,2010,2114.2,1655.27,0,6730904,4.08799982070923
Ecuador,2012,2089.09,1822.6399999999999,572.721,7005485,3.23499989509583
Ecuador,2013,2068.18,1882.59,586.105,7085380,3.08299994468689
Ecuador,2014,2093.84,1942.23,0,7207342,3.48000001907349
Ecuador,2015,1998.1399999999999,1932.35,669.4369999999999,7627714,3.6159999370575
Ecuador,2016,1951.1899999999998,1929.52,0,8002212,4.59700012207031
El Salvador,2005,1045.48,524.202,122.43100000000001,2396399,7.21999979019165
El Salvador,2010,939.726,577.111,150.012,2525522,4.89300012588501
El Salvador,2014,777.043,625.06,176.29299999999998,2660409,4.16300010681152
El Salvador,2015,741.394,599.9469999999999,179.39600000000002,2660167,4
El Salvador,2017,678.137,535.6800000000001,186.067,2817692,4.38500022888184
Equatorial Guinea,2005,75.809,25.544,0,276119,8.44499969482422
Equatorial Guinea,2010,85.061,0,0,362327,8.23799991607666
Equatorial Guinea,2012,92.029,0,0,397349,8.19400024414063
Equatorial Guinea,2015,93.396,0,0,460814,8.9069995880127
Ethiopia,2005,10019.730000000001,2488.4700000000003,191.212,33917840,2.49699997901917
Ethiopia,2010,13635.29,4206.7,577.594,39593779,2.39000010490417
Ethiopia,2012,14532.48,4928.71,693.287,42376594,2.19700002670288
Ethiopia,2014,15733.28,0,757.1750000000001,45363430,2.10400009155273
Ethiopia,2015,16198.05,5028.68,0,46925589,2.01399993896484
Eritrea,2005,377.512,216.944,0,1849641,6.71600008010864
Eritrea,2010,286.02099999999996,248.08200000000002,12.039,2050158,6.89900016784668
Eritrea,2014,361.60400000000004,270.08799999999997,12.554,0,6.86700010299683
Eritrea,2015,361.684,245.806,10.937999999999999,0,6.80700016021729
Eritrea,2016,0,0,10.230999999999998,0,6.68400001525879
Eritrea,2017,347.009,247.424,0,0,6.49700021743774
Estonia,2005,85.539,124.49300000000001,67.76,673822,8.03299999237061
Estonia,2010,72.955,95.331,68.985,683966,16.7070007324219
Estonia,2014,77.215,77.87299999999999,59.998000000000005,676059,7.35200023651123
Estonia,2015,79.59400000000001,77.91000000000001,55.214,686173,6.18699979782104
Estonia,2016,82.824,80.212,51.092000000000006,694099,6.76200008392334
Fiji,2005,0,0,12.716999999999999,325205,3.88599991798401
Fiji,2009,100.96700000000001,97.93700000000001,0,364242,4.15700006484985
Fiji,2012,102.77799999999999,97.254,0,380405,4.51599979400635
Fiji,2013,105.037,0,0,375789,4.35699987411499
Fiji,2015,108.727,0,0,369523,4.5479998588562
Fiji,2016,110.127,0,0,369047,4.31899976730347
Finland,2005,381.78499999999997,430.59599999999995,305.9959999999999,2627895,8.38399982452393
Finland,2010,347.06,426.71,303.55400000000003,2679149,8.39400005340576
Finland,2014,351.76599999999996,536.925,306.08,2688636,8.66300010681152
Finland,2015,355.23099999999994,540.0669999999999,302.47799999999995,2695058,9.37600040435791
Finland,2016,359.635,539.8159999999999,297.163,2687198,8.81799983978271
France,2005,4015.4900000000002,6036.1900000000005,2187.38,28944175,8.49300003051758
France,2010,4159.09,5873.1,2245.1,29861054,8.87100028991699
France,2014,4188.55,5947.21,2388.88,30170401,10.2919998168945
France,2015,4255.99,5982.87,2424.16,30251104,10.3590002059937
France,2016,4284.17,6016.610000000001,2480.19,30319992,10.0570001602173
Djibouti,2005,50.650999999999996,30.142,1.6960000000000002,301860,12.6969995498657
Djibouti,2009,55.546,44.480999999999995,3.159,336137,11.7170000076294
Djibouti,2010,0,0,3.225,345569,12.4770002365112
Djibouti,2011,60.992000000000004,50.965,4.705,355458,12.4180002212524
Djibouti,2014,64.319,58.553,0,385870,11.7449998855591
Djibouti,2015,62.94,59.483,0,396151,11.0939998626709
Djibouti,2018,62.979,65.144,0,424438,11.1219997406006
Gabon,2011,317.94599999999997,0,0,532196,20.386999130249
Georgia,2005,338.222,316.42999999999995,174.255,1991946,13.8100004196167
Georgia,2008,311.265,305.388,129.92600000000002,1997277,17.8700008392334
Georgia,2009,298.93499999999995,341.64900000000006,95.225,1988971,18.2999992370605
Georgia,2010,289.137,0,105.696,2013146,17.4099998474121
Georgia,2014,285.329,281.739,120.923,2034761,14.6199998855591
Georgia,2015,288.541,277.874,127.633,2062766,14.0799999237061
Georgia,2017,301.094,275.464,144.33700000000002,2032153,13.9300003051758
Germany,2005,3306.14,8267.640000000001,0,41261012,11.1669998168945
Germany,2010,3067.52,7663.76,0,42016700,6.96600008010864
Germany,2014,2862.69,7201.07,2912.2,42456751,4.98099994659424
Germany,2015,2879.3900000000003,7112.95,2977.7799999999997,42780211,4.62400007247925
Germany,2016,2895.2,7073.160000000001,3043.08,43294640,4.12200021743774
Ghana,2005,2929.54,1370.26,119.559,9161631,5.53900003433228
Ghana,2009,3659.12,1812.08,203.376,10050248,5.17199993133545
Ghana,2014,4117.150000000001,2265.69,402.14200000000005,11157495,6.47700023651123
Ghana,2015,4342.320000000001,2439.5,417.534,11373224,6.80600023269653
Ghana,2017,4393.06,2550.71,443.97799999999995,11969878,6.62900018692017
Ghana,2018,4401.1900000000005,2677.15,0,12259949,6.71000003814697
Greece,2005,650.242,715.5369999999999,646.587,5005315,9.99400043487549
Greece,2010,642.639,716.601,641.8439999999999,5148022,12.7130002975464
Greece,2014,628.753,667.7180000000001,677.429,4926565,26.4909992218018
Greece,2015,643.762,662.741,0,4908985,24.8969993591309
Greece,2016,646.577,662.4459999999999,709.488,4906562,23.5389995574951
Guatemala,2005,2345.3,754.496,0,4725239,2.99399995803833
Guatemala,2007,2448.98,864.154,233.88500000000002,4999559,2.7960000038147
Guatemala,2010,2653.48,1082.32,233.333,5452475,3.49699997901917
Guatemala,2014,2417.4300000000003,1165.62,298.76099999999997,6210888,2.71700000762939
Guatemala,2015,2381.92,1220.6499999999999,366.67400000000004,6366233,2.50600004196167
Guatemala,2017,2348.86,1220.33,0,6840451,2.68400001525879
Guinea,2005,1206.74,420.057,23.787999999999997,3531181,4.21199989318848
Guinea,2008,1364.49,530.705,80.222,3772726,3.69799995422363
Guinea,2010,1453.36,0,98.52799999999999,3963907,4.28399991989136
Guinea,2014,1729.6299999999999,715.702,117.94300000000001,4371512,4.23299980163574
Guinea,2016,1776.56,0,0,4613172,3.66799998283386
Guyana,2005,116.756,70.615,7.2780000000000005,267411,11.0869998931885
Guyana,2010,99.24100000000001,80.67599999999999,7.939000000000001,281833,11.6569995880127
Guyana,2012,94.488,85.93400000000001,8.857000000000001,291900,11.9329996109009
Honduras,2005,1231.53,0,0,2829001,4.90899991989136
Honduras,2010,1274.9,655.2940000000001,169.87800000000001,3341744,4.11899995803833
Honduras,2014,1150.04,619.8319999999999,185.876,3833275,5.48799991607666
Honduras,2015,1154.1399999999999,637.727,195.469,3944692,4.59200000762939
Honduras,2017,1123.95,655.09,0,4129323,4.0479998588562
Hungary,2005,430.561,960.215,436.012,4273343,7.18800020217896
Hungary,2010,387.969,904.848,388.95,4299563,11.1719999313354
Hungary,2014,393.02,857.8069999999999,329.455,4525623,7.72499990463257
Hungary,2015,395.54900000000004,826.626,307.729,4616041,6.81300020217896
Hungary,2016,394.43299999999994,808.744,295.328,4686095,5.11499977111816
Iceland,2005,30.784999999999997,33.323,15.169,174963,2.54699993133545
Iceland,2010,29.567999999999998,35.623000000000005,18.051000000000002,188675,7.56400012969971
Iceland,2014,29.892,37.53,19.901,198782,4.89699983596802
Iceland,2015,30.421999999999997,36.818,18.939999999999998,203034,3.97900009155273
Iceland,2016,31.194000000000003,35.650999999999996,18.59,208175,2.9779999256134
India,2005,0,89461.79,11777.3,449867606,3.10199999809265
India,2010,138413.84,107686.87000000001,20740.74,460155571,2.44400000572205
India,2014,137808.91,129438.98999999999,30305.85,479196557,2.76500010490417
India,2015,138518.03,129542.06,32107.420000000002,487575264,2.78200006484985
India,2016,145802.54,132161.36,32391.8,495707548,2.73000001907349
India,2017,0,0,33374.11,503366275,2.55699992179871
Indonesia,2005,29149.75,15993.19,3662.23,101341559,7.94500017166138
Indonesia,2010,30341.82,19975.920000000002,5001.05,115393714,5.61399984359741
Indonesia,2014,29838.440000000002,22586.960000000003,6463.3,122687833,4.04899978637695
Indonesia,2015,29699.77,23756.32,0,124090833,4.51399993896484
Indonesia,2017,29351.82,24318.260000000002,7983.63,128806243,4.18499994277954
Iraq,2005,0,0,424.90799999999996,6624896,9.42000007629395
Iraq,2007,4864.35,2037.51,0,6976660,8.64900016784668
Ireland,2005,454.06,317.337,186.561,2160624,4.34200000762939
Ireland,2010,506.4,336.464,194.009,2277533,14.5329999923706
Ireland,2014,536.471,348.116,203.912,2264920,11.8559999465942
Ireland,2015,544.8559999999999,354.67,214.632,2279856,9.9040002822876
Ireland,2016,553.585,360.08799999999997,218.411,2313930,8.36600017547607
Israel,2005,721.999,673.005,310.93699999999995,3085340,11.3420000076294
Israel,2009,786.094,693.877,342.707,3411097,9.53400039672852
Israel,2010,807.424,708.3399999999999,360.378,3494743,8.47999954223633
Israel,2014,861.6990000000001,767.729,376.952,3805482,5.8899998664856
Israel,2015,883.706,784.752,374.048,3877021,5.25099992752075
Israel,2017,917.118,819.4619999999999,377.21,4029620,4.21500015258789
Italy,2005,2771.25,4507.41,2015,24402453,7.73099994659424
Italy,2010,2822.15,4626.429999999999,1980.4,24451369,8.36299991607666
Italy,2014,2862.67,4596.92,1854.36,25416313,12.6829996109009
Italy,2015,2856.25,4606.02,1826.48,25341014,11.8959999084473
Italy,2016,2831.82,4589.55,1815.95,25584166,11.6879997253418
Jamaica,2005,326.41099999999994,246.33200000000002,47.583,1256733,11.2629995346069
Jamaica,2010,294.28499999999997,260.371,71.35199999999999,1331528,12.3660001754761
Jamaica,2013,278.33099999999996,228.935,74.41400000000002,1397063,15.2510004043579
Jamaica,2014,266.20099999999996,223.92000000000002,0,1420313,13.7399997711182
Jamaica,2015,259.449,215.2,74.537,1438603,13.5109996795654
Jamaica,2017,246.972,204.08,0,1494137,11.6590003967285
Japan,2014,6714.54,7227.49,3862.46,66189326,3.59999990463257
Japan,2015,6638.17,7221.14,3845.4,66363239,3.40000009536743
Japan,2016,6581.95,7157.3,3846.9300000000003,66842064,3.09999990463257
Kazakhstan,2005,1023.97,0,0,7947812,8.13000011444092
Kazakhstan,2010,957.919,1817.98,756.706,8719779,5.76999998092651
Kazakhstan,2014,1122.28,1661.59,727.401,9050189,5.05999994277954
Kazakhstan,2015,1196.03,1679.27,658.413,9109811,4.92999982833862
Kazakhstan,2017,1356.5,1768.1499999999999,626.576,9222689,4.90000009536743
Kazakhstan,2018,1406.97,1842.92,632.048,9253298,4.88500022888184
Jordan,2005,804.904,625.682,217.823,1454005,14.8000001907349
Jordan,2010,819.601,709.712,246.92800000000003,1894063,12.5
Jordan,2012,849.39,724.3559999999999,306.63,2038778,12.1999998092651
Jordan,2014,979.792,749.134,0,2203029,11.8999996185303
Jordan,2015,0,0,312.75,2303289,13.0749998092651
Jordan,2017,1106.61,763.6940000000001,283.904,2463662,14.878999710083
Kenya,2005,6075.71,2468.48,113.532,13128066,9.78400039672852
Kenya,2009,7150.26,3204.38,167.983,15012736,9.60000038146973
Kenya,2014,8158,0,0,17774254,9.58800029754639
Kenya,2015,8168.71,0,421.134,18374388,9.67500019073486
Kenya,2016,8290.449999999999,0,539.749,18995573,9.62899971008301
Kuwait,2005,202.82600000000002,244.43200000000002,0,1175438,1.52600002288818
Kuwait,2010,213.73299999999998,263.55400000000003,0,1660144,1.82000005245209
Kuwait,2013,239.231,278.58099999999996,71.786,2079239,2.73200011253357
Kuwait,2014,252.585,283.077,0,2217755,2.90000009536743
Kuwait,2015,264.185,302.047,0,2334890,2.20000004768372
Kuwait,2017,275.334,0,0,2419073,1.99699997901917
Lebanon,2005,475.79799999999994,377.89,165.73,1328018,8.39200019836426
Lebanon,2010,461.719,383.22599999999994,202.345,1509947,6.46199989318848
Lebanon,2014,480.92299999999994,370.35900000000004,228.954,1982729,6.28000020980835
Lebanon,2015,491.455,382.42699999999996,216.46800000000002,2083467,6.23299980163574
Lebanon,2017,502.505,401.03099999999995,221.159,2207731,6.11399984359741
Lesotho,2005,422.27799999999996,94.49600000000001,7.918,831035,31.9209995269775
Lesotho,2006,424.855,96.073,8.5,838305,30.2709999084473
Lesotho,2010,388.681,125.823,0,865986,27.1940002441406
Lesotho,2014,366.048,130.836,23.544999999999998,911207,24.3320007324219
Lesotho,2015,361.637,133.434,21.664,929201,24.2980003356934
Lesotho,2017,367.9309999999999,136.497,0,964225,23.613000869751
Latvia,2005,84.369,271.631,130.706,1093788,10.0329999923706
Latvia,2010,113.691,147.375,112.56700000000001,1062924,19.4820003509521
Latvia,2014,114.62299999999999,121.58,89.67099999999999,1007326,10.8459997177124
Latvia,2015,117.303,117.76100000000001,85.881,1011046,9.8730001449585
Latvia,2017,121.506,117.36,82.91400000000002,1006786,8.71500015258789
Liberia,2009,605.236,0,0,1215163,2.24600005149841
Liberia,2010,0,0,33.47,1261725,2.26600003242493
Liberia,2012,0,0,43.882999999999996,1339625,2.26300001144409
Liberia,2014,683.977,222.85700000000003,0,1414890,2.20700001716614
Liberia,2015,684.404,226.83200000000002,0,1456828,2.18400001525879
Liberia,2016,694.481,227.153,0,1500872,2.15000009536743
Libya,2005,713.9019999999999,701.536,0,1997901,18.4589996337891
Libya,2006,755.338,732.614,0,2049447,18.117000579834
Lithuania,2005,158.105,423.70599999999996,195.405,1553565,8.32499980926514
Lithuania,2010,122.458,342.905,201.373,1503823,17.8139991760254
Lithuania,2014,108.115,277.34900000000005,148.389,1481380,10.6979999542236
Lithuania,2015,108.038,263.242,140.629,1470282,9.11999988555908
Lithuania,2016,110.193,250.87,133.759,1481002,7.86199998855591
Luxembourg,2005,35.016,35.946,0,207421,4.48799991607666
Luxembourg,2010,35.187,42.536,5.376,237899,4.36100006103516
Luxembourg,2012,35.397,44.237,6.085,255232,5.1399998664856
Luxembourg,2014,35.435,46.872,0,273801,5.85200023651123
Luxembourg,2015,35.92,47.027,6.896,282750,6.66900014877319
Luxembourg,2016,36.626000000000005,47.715,6.954,281977,6.29099988937378
Madagascar,2005,3597.73,621.1730000000001,44.948,8782870,2.35999989509583
Madagascar,2009,4323.98,1022.4599999999999,68.46000000000001,10244359,3.51300001144409
Madagascar,2010,4241.92,0,74.44400000000002,10638131,4.28000020980835
Madagascar,2014,4610.72,1493.83,113.02499999999999,11931280,1.33399999141693
Madagascar,2015,4763.52,1536.21,117.012,12238232,1.79999995231628
Madagascar,2016,4733.73,1561.31,121.818,12630496,1.75499999523163
Madagascar,2017,0,1534.27,0,13030861,1.6690000295639
Malawi,2005,2868.04,516.4619999999999,5.81,5356531,7.80000019073486
Malawi,2010,3417.4,692.1569999999999,10.296,6308721,6.32399988174438
Malawi,2011,3564.2,736.3639999999999,12.203,6527585,6.3730001449585
Malawi,2014,4096.610000000001,920.2090000000001,0,7268205,5.87599992752075
Malawi,2015,4204.5,961.589,0,7520571,5.78599977493286
Malawi,2017,4433.98,998.9399999999999,0,8053504,5.46799993515015
Malaysia,2005,3202.01,2489.12,696.76,10908328,3.52999997138977
Malaysia,2010,3233.65,2615.72,1061.42,12220741,3.25
Malaysia,2014,3178.36,2846.4700000000003,1128.03,14439860,2.88000011444092
Malaysia,2015,3107.8700000000003,2801.44,1302.09,14832147,3.09999990463257
Malaysia,2017,3084.63,2744.64,1248.93,15415019,3.41000008583069
Maldives,2005,57.873,0,0,126722,2.87400007247925
Maldives,2008,47.082,0,5.171,151971,3.13000011444092
Maldives,2009,44.675000000000004,0,0,161226,3.73499989509583
Maldives,2010,42.146,0,0,170759,4.11399984359741
Maldives,2014,39.57,0,6.089,208998,5.21000003814697
Maldives,2015,42.137,0,0,212929,5.67799997329712
Maldives,2017,45.326,0,0,217656,5.82999992370605
Mali,2005,1505.9,429.71599999999995,0,4802693,10.0139999389648
Mali,2010,2018.55,758.2850000000001,81.18799999999999,5629370,8.06999969482422
Mali,2014,2181.62,961.0459999999999,87.66199999999999,6292827,6.375
Mali,2015,2227.08,945.484,83.14999999999999,6463246,7.72900009155273
Mali,2017,2538.5,1017.42,0,6885003,9.4350004196167
Malta,2005,29.596,40.129000000000005,9.440999999999999,160699,6.9229998588562
Malta,2010,24.984999999999996,37.163000000000004,10.84,176152,6.84700012207031
Malta,2014,24.072,30.23,12.61,199493,5.80399990081787
Malta,2015,24.624000000000002,29.434,13.216,206432,5.39099979400635
Malta,2016,25.177000000000003,28.776,13.329,212974,4.7020001411438
Mauritania,2005,443.615,92.796,8.758,880346,10.1330003738403
Mauritania,2010,531.383,110.206,14.536,987411,10.5939998626709
Mauritania,2013,568.953,171.265,19.243,1074173,9.98700046539307
Mauritania,2014,592.249,178.96800000000002,0,1112040,10.2110004425049
Mauritania,2015,632.761,187.56,20.8,1151976,10.7889995574951
Mauritania,2017,627.085,209.126,19.371000000000002,1228317,10.2760000228882
Mauritius,2005,123.562,129.43800000000002,20.514000000000003,544400,9.52400016784668
Mauritius,2010,117.432,127.002,33.427,569253,7.65399980545044
Mauritius,2014,105.44700000000002,133.001,40.456999999999994,595931,7.46700000762939
Mauritius,2015,101.633,129.008,37.870999999999995,603765,7.40999984741211
Mauritius,2017,92.989,125.27,38.178000000000004,602840,6.7519998550415
Mexico,2005,14700.01,10564.4,2384.86,44833048,3.55800008773804
Mexico,2010,14906.48,11681.53,2847.38,50529153,5.30299997329712
Mexico,2014,14627.369999999999,12993.32,3419.3900000000003,54823461,4.80900001525879
Mexico,2015,14397.93,13473.210000000001,3515.4,56005088,4.31300020217896
Mexico,2017,14182.29,14034.55,4430.25,57867363,3.42000007629395
Mongolia,2005,251.20499999999998,339.249,123.824,1063126,7.60500001907349
Mongolia,2010,273.96599999999995,275.98299999999995,165.76899999999998,1169399,6.54899978637695
Mongolia,2014,239.289,0,175.20499999999998,1262326,4.7979998588562
Mongolia,2015,251.20399999999998,0,179.54,1279245,4.86100006103516
Mongolia,2017,290.55,0,157.138,1295872,6.35900020599365
Montenegro,2005,37.812,68.471,11.011,248285,30.3099994659424
Montenegro,2010,35.264,69.619,23.785999999999998,247393,19.6490001678467
Montenegro,2012,38.362,63.013,0,248666,19.9750003814697
Montenegro,2015,37.585,60.504,0,258281,17.5440006256104
Montenegro,2017,38.74,57.575,25.014000000000003,259226,16.0709991455078
Morocco,2005,4022.6,1948.01,367.556,10692989,11.0100002288818
Morocco,2010,3945.2,2393.2799999999997,447.03599999999994,11544829,9.09000015258789
Morocco,2012,4016.9300000000003,2554.05,605.759,11795977,8.98999977111816
Morocco,2014,4030.14,0,789.4069999999999,11888568,9.69999980926514
Morocco,2015,4039.3900000000003,0,877.404,11868146,9.46000003814697
Morocco,2017,4210.68,2847.12,1009.7900000000001,11793016,9.05300045013428
Mozambique,2005,3942.8300000000004,305.877,28.298,9678050,3.41400003433228
Mozambique,2010,5277.87,671.9019999999999,103.85,10838622,3.81599998474121
Mozambique,2014,5705.34,1025.98,157.431,11842455,3.18400001525879
Mozambique,2015,5902,1073.11,174.80200000000002,12109111,3.42600011825562
Mozambique,2017,6138.52,1216.21,200.64899999999997,12890651,3.17300009727478
Oman,2005,312.121,301.568,48.483,946784,4.65000009536743
Oman,2009,302.037,321.67,75.715,1276494,4.69899988174438
Oman,2010,0,0,78.063,1402121,4.65899991989136
Oman,2013,320.324,292.814,105.09700000000001,1910124,4.16400003433228
Oman,2014,337.03799999999995,0,118.299,2101258,3.84899997711182
Oman,2015,350.54400000000004,286.9,126.94700000000002,2288358,3.54200005531311
Oman,2016,368.141,294.48499999999996,131.678,2429552,3.26600003242493
Oman,2017,384.001,295.77,0,2575182,3.13700008392334
Namibia,2005,404.198,148.10399999999998,13.566,699577,21.886999130249
Namibia,2007,409.508,158.162,0,724578,20.5389995574951
Namibia,2008,407.402,0,19.707,738338,19.9890003204346
Namibia,2010,406.53499999999997,0,0,770964,22.1000003814697
Namibia,2013,425.242,0,0,884844,19.0279998779297
Namibia,2014,0,0,46.963,906725,18.5209999084473
Namibia,2015,0,0,49.678000000000004,924899,20.8309993743896
Namibia,2016,0,0,53.661,940697,23.3519992828369
Namibia,2017,476.36,0,0,968871,23.0879993438721
Nepal,2005,4030.05,2054.17,187.165,13027892,1.70200002193451
Nepal,2010,4900.67,2694.2599999999998,376.869,14106355,1.52199995517731
Nepal,2013,4576.6900000000005,3111.2599999999998,477.077,15283292,1.54999995231628
Nepal,2014,4401.78,3163.9500000000003,458.621,15686412,1.45799994468689
Nepal,2015,4335.360000000001,3176.32,445.324,16062491,1.42900002002716
Nepal,2017,4135.25,3336.65,371.184,16813294,1.25300002098083
Netherlands,2005,1277.99,1410.55,564.9830000000001,8579461,4.72300004959106
Netherlands,2010,1294.02,1474.98,650.905,8865394,4.44999980926514
Netherlands,2012,1277.2,1550.1799999999998,793.6780000000001,8962768,5.82100009918213
Netherlands,2014,1222.87,1574,0,8968813,7.41599988937378
Netherlands,2015,1208.04,1613.5,842.601,9034853,6.87200021743774
Netherlands,2016,1192.27,1611.02,836.9459999999999,9050275,6.00600004196167
Vanuatu,2005,38.53,0,0,88865,6.18699979782104
Vanuatu,2010,41.833999999999996,20.256,0,102740,5.63600015640259
Vanuatu,2013,44.181,0,0,111950,5.99100017547607
Vanuatu,2015,45.931,20.567999999999998,0,118536,5.52600002288818
New Zealand,2005,352.845,526.1519999999999,0,2178594,3.80699992179871
New Zealand,2010,348.49199999999996,512.195,0,2324565,6.55700016021729
New Zealand,2014,360.20599999999996,491.617,260.8467,2464873,5.7519998550415
New Zealand,2015,368.306,487.3634,270.0742,2513183,5.36499977111816
New Zealand,2017,384.251,486.33389999999997,268.64570000000003,2694635,4.7020001411438
Nicaragua,2005,945.089,437.853,0,2152504,5.36999988555908
Nicaragua,2010,923.745,465.20099999999996,0,2483362,7.82999992370605
Niger,2005,1064.06,181.641,10.799,5494105,3.09999990463257
Niger,2010,1726.45,306.675,17.096,6508887,0.501999974250793
Niger,2012,2050.66,388.641,21.764,6985133,0.331999987363815
Niger,2014,2277.02,515.075,0,7525667,0.321999996900558
Niger,2015,2444.98,595.4259999999999,52.001,7819001,0.29899999499321
Niger,2017,2768.3100000000004,786.582,64.666,8425165,0.284999996423721
Nigeria,2005,22115.43,6397.58,1391.53,42853686,3.86999988555908
Nigeria,2010,21558.460000000003,9056.77,1394.59,48780928,3.76999998092651
Nigeria,2011,23668.9,9591.210000000001,1513.37,50069086,3.69700002670288
Nigeria,2014,25801.2,10495.58,0,54264637,4.43699979782104
Nigeria,2015,0,11116.03,0,55820029,5.31300020217896
Nigeria,2016,25591.18,10314.8,0,57398211,6.23699998855591
Norway,2005,429.65200000000004,403.02599999999995,213.94,2431376,4.38100004196167
Norway,2010,424.052,435.085,224.706,2607609,3.52099990844727
Norway,2014,425.917,439.25,264.207,2723816,3.48399996757507
Norway,2015,430.86400000000003,443.49099999999993,268.23099999999994,2762074,4.2960000038147
Norway,2017,444.638,447.525,284.04200000000003,2759248,4.16200017929077
Pakistan,2005,17257.95,6852.320000000001,782.621,48759702,0.666000008583069
Pakistan,2009,18468.1,9432.98,1226,54279578,0.535000026226044
Pakistan,2010,18756.35,9654.94,0,56125279,0.652999997138977
Pakistan,2014,19431.57,11286.630000000001,1931.8799999999999,62718008,1.82700002193451
Pakistan,2015,19846.82,12077.92,1871.58,65422753,3.56599998474121
Pakistan,2017,21686.45,12529.17,1941.48,68328574,3.18099999427795
Panama,2005,430.15200000000004,256.224,126.242,1495386,4.22200012207031
Panama,2010,439.746,283.787,139.11599999999999,1639740,3.71300005912781
Panama,2014,426.637,311.816,145.43,1814257,2.72300004959106
Panama,2015,417.556,316.899,156.635,1858051,3.00200009346008
Panama,2016,408.96099999999996,344.78999999999996,0,1908497,3.31500005722046
Papua New Guinea,2005,531.759,0,0,2345616,2.37800002098084
Papua New Guinea,2008,600.5569999999999,0,0,2225168,1.76400005817413
Papua New Guinea,2012,1132.12,378.365,0,2227969,2.66000008583069
Papua New Guinea,2016,1275.09,507.27799999999996,0,2425556,2.48099994659424
Paraguay,2005,933.995,529.309,155.727,2657899,4.82499980926514
Paraguay,2010,839.291,560.8659999999999,225.21099999999998,2882860,4.56899976730347
Paraguay,2012,838.1980000000001,631.003,0,3153711,4.08500003814697
Paraguay,2016,727.3629999999999,611.308,0,3323212,5.25500011444092
Peru,2005,4077.36,2469.62,908.3149999999999,13705896,4.8600001335144
Peru,2006,4026.32,2539.94,951.391,14538499,4.26000022888184
Peru,2010,3762.68,2674.59,0,16407919,3.4779999256134
Peru,2014,3495.61,2670.8500000000004,0,17169546,2.96199989318848
Peru,2015,3513.44,2681.53,0,17209589,3
Peru,2016,3576.94,2752.72,1929.93,17353931,3.53500008583069
Peru,2018,3592.8700000000003,2779.9700000000003,0,18329587,2.84400010108948
Philippines,2005,13083.740000000002,6352.48,2402.65,33596163,3.79500007629395
Philippines,2009,13686.640000000001,6766.95,2625.3900000000003,37556772,3.85800004005432
Philippines,2010,0,0,2774.3700000000003,38542165,3.60500001907349
Philippines,2014,14460.38,7220.39,3563.4,42444458,3.59999990463257
Philippines,2015,14453.06,7319.46,0,43087893,3.02600002288818
Philippines,2016,14293.640000000001,7397.29,0,43724929,2.70799994468689
Philippines,2017,0,0,3589.48,42798528,2.55200004577637
Poland,2005,2723.66,3444.9,2118.08,17529421,17.746000289917
Poland,2010,2234.94,2841.63,2148.68,18035960,9.63700008392334
Poland,2014,2152.66,2641.29,1762.6699999999998,18389391,8.98999977111816
Poland,2015,2306.1,2548.4100000000003,1665.31,18326756,7.50099992752075
Poland,2016,2480.79,2462.9300000000003,1600.21,18393553,6.16099977493286
Portugal,2005,752.739,669.529,380.93699999999995,5504392,7.58199977874756
Portugal,2010,733.515,720.6880000000001,383.627,5489488,10.7700004577637
Portugal,2014,674.038,768.631,362.2,5241794,13.8940000534058
Portugal,2015,656.727,778.589,337.507,5218327,12.4440002441406
Portugal,2016,638.883,766.0519999999999,343.117,5207356,11.0659999847412
Guinea-Bissau,2005,252.48800000000003,50.507,3.122,561522,4.47900009155273
Guinea-Bissau,2006,269.287,55.176,3.689,576887,4.23099994659424
Guinea-Bissau,2010,278.89,0,0,647523,4.37900018692017
Timor-Leste,2005,177.97,74.82199999999999,0,256564,3.6010000705719
Timor-Leste,2010,230.17499999999998,101.501,18.553,250360,3.30100011825562
Timor-Leste,2014,245.847,118.935,0,267906,3.28800010681152
Timor-Leste,2015,243.559,129.314,0,273230,3.34299993515015
Timor-Leste,2017,222.835,149.883,0,286190,2.96300005912781
Puerto Rico,2010,299.746,290.99099999999993,249.372,1321138,16.1000003814697
Puerto Rico,2014,258.95799999999997,266.077,241.168,1210932,13.8999996185303
Puerto Rico,2015,250.57899999999998,278.964,240.87800000000001,1178300,12
Puerto Rico,2016,227.548,236.001,233.07,1159638,11.8000001907349
Qatar,2005,69.99100000000001,55.705000000000005,9.699,543875,1.20500004291534
Qatar,2010,88.723,68.924,13.846,1340552,0.449999988079071
Qatar,2014,117.45400000000001,88.46600000000001,25.255,1778482,0.189999997615814
Qatar,2015,130.464,95.56700000000001,27.866,1872412,0.159999996423721
Qatar,2017,146.418,103.042,31.277,1975498,0.140000000596046
Romania,2005,970.2950000000001,2089.65,738.8059999999999,9587263,7.17399978637695
Romania,2010,842.238,1821.78,999.523,9372962,6.95900011062622
Romania,2012,807.0469999999999,1714.31,705.333,9231519,6.79400014877319
Romania,2014,0,1609.26,578.706,9201839,6.80200004577637
Romania,2015,947.205,1562.96,541.653,9104015,6.81199979782104
Romania,2016,939.1469999999999,1515.24,535.2180000000001,8939184,5.90100002288818
Russian Federation,2005,5308.610000000001,12433.16,9003.210000000001,74221397,7.12400007247925
Russian Federation,2009,5015.31,9613.55,9330.12,76118376,8.30099964141846
Russian Federation,2014,5725.53,9061.32,6995.73,75327362,5.15999984741211
Russian Federation,2015,5982.57,9384.61,6592.42,75135866,5.57100009918213
Russian Federation,2016,6198.78,9566.9,6182.3,75036834,5.55900001525879
Rwanda,2005,1857.84,218.517,27.787,4436327,0.949000000953674
Rwanda,2010,2299.3300000000004,425.587,62.734,5059438,1.05999994277954
Rwanda,2014,2399.44,587.069,77.512,5630770,1.1690000295639
Rwanda,2015,2450.71,567.838,80.335,5792586,1.09899997711182
Rwanda,2017,2540.3700000000003,610.972,80.773,6133785,0.953999996185303
Sao Tome and Principe,2005,30.467999999999996,8.091,0,49604,16.4699993133545
Sao Tome and Principe,2010,34.116,10.097,0.766,57327,13.7399997711182
Sao Tome and Principe,2014,34.493,19.386,1.6800000000000002,64089,13.8859996795654
Sao Tome and Principe,2015,35.558,22.123,2.3359999999999994,65876,13.6049995422363
Sao Tome and Principe,2017,37.172000000000004,25.875,0,69619,13.1389999389648
Saudi Arabia,2005,3097.6,2609.57,603.7710000000001,7978167,6.05000019073486
Saudi Arabia,2009,3255.24,2997.27,757.7700000000001,9289847,5.38000011444092
Saudi Arabia,2010,3321.07,0,903.5669999999999,9834264,5.55000019073486
Saudi Arabia,2014,3737.08,3419.44,1496.73,12391396,5.71999979019165
Saudi Arabia,2015,3844.52,0,1527.77,12991603,5.59000015258789
Saudi Arabia,2016,3734.69,0,1622.44,13418384,5.65000009536743
Saudi Arabia,2017,0,0,1680.91,13866767,5.8899998664856
Senegal,2005,1444.1599999999999,405.899,59.127,3229291,9.08800029754639
Senegal,2010,1695.01,725.2080000000001,92.106,3579522,10.5410003662109
Senegal,2014,1926.74,1094.75,141.151,3868154,7.63000011444092
Senegal,2015,1977.3899999999999,1136.48,144.82700000000003,3942085,6.75699996948242
Senegal,2017,2128.69,1082.33,162.635,4199144,6.43699979782104
Serbia,2005,324.91299999999995,632.338,224.873,3306320,20.8500003814697
Serbia,2010,283.161,590.8299999999999,226.772,3067906,19.2180004119873
Serbia,2014,284.754,548.158,242.848,3111705,19.2229995727539
Serbia,2015,279.21999999999997,553.448,241.054,3075166,17.9209995269775
Serbia,2017,268.952,538.238,262.108,3195246,13.4770002365112
Sierra Leone,2013,1299.81,417.307,0,2305378,4.54500007629395
Sierra Leone,2015,1360.24,449.32,0,2416022,4.75
Sierra Leone,2017,1486.94,492.14000000000004,0,2547482,4.32499980926514
Singapore,2009,294.60200000000003,232.003,213.446,2721747,5.8600001335144
Singapore,2010,0,0,236.89100000000002,2806384,4.11999988555908
Singapore,2012,0,0,255.348,2995053,3.72000002861023
Singapore,2016,236.94299999999998,179.676,195.125,3260010,4.07999992370605
Slovenia,2005,93.15599999999999,181.29899999999998,112.228,1018360,6.50600004196167
Slovenia,2010,106.883,138.354,114.87299999999999,1042963,7.23600006103516
Slovenia,2014,111.648,145.17899999999997,90.62199999999999,1016279,9.66800022125244
Slovenia,2015,115.56,143.24699999999999,85.616,1009656,8.96199989318848
Slovenia,2016,119.563,148.89600000000002,80.798,996942,8
Somalia,2007,457.132,86.929,0,2660234,13.8190002441406
South Africa,2005,7314.45,4657.67,0,18176726,29.2530002593994
South Africa,2010,7024.37,4689.6,0,18791009,24.693000793457
South Africa,2014,7195.18,5220.98,1018.54,20526772,24.8980007171631
South Africa,2015,7555.84,5279.2,1050.86,21349102,25.1560001373291
South Africa,2016,7569.92,5164.48,1053.61,21707067,26.5510005950928
Zimbabwe,2010,0,0,94.611,6805638,5.12200021743774
Zimbabwe,2013,2663.19,957.4609999999999,94.115,7306314,5.6230001449585
Zimbabwe,2015,0,0,135.575,7684081,5.43800020217896
Spain,2005,2484.9,3107.82,1809.35,21257362,9.14599990844727
Spain,2010,2720.9900000000002,3185.01,1878.97,23577218,19.8600006103516
Spain,2014,2960.63,3288.42,1982.1599999999999,23143877,24.4409999847412
Spain,2015,3010.4,3313.13,1963.92,23056875,22.056999206543
Spain,2016,3027.75,3329.3900000000003,1968.7,23016300,19.6350002288818
Sudan,2005,3176.82,1344.32,363.953,8581308,16.056999206543
Sudan,2010,4024.3,1687.36,522.7740000000001,9313157,13.3520002365112
Sudan,2014,4387.969999999999,1974.31,632.377,10370036,13.2089996337891
Sudan,2015,4518.42,2059.72,653.0880000000001,10677984,13.1549997329712
Sudan,2017,4899.660000000001,2205.03,0,11325052,12.7729997634888
Suriname,2005,65.527,45.818,0,176741,9.34000015258789
Suriname,2010,70.98100000000001,50.164,0,194805,7.15000009536743
Suriname,2014,70.492,51.784,0,207847,6.94000005722046
Suriname,2015,71.921,54.721000000000004,0,210271,7.21999979019165
Suriname,2017,68.612,0,0,214131,7.59899997711182
Eswatini,2005,221.596,70.96400000000001,5.896999999999999,314196,28.2469997406006
Eswatini,2006,229.686,76.979,5.691999999999999,321974,28.2830009460449
Eswatini,2010,241.237,88.619,0,364388,27.3090000152588
Eswatini,2013,239.01899999999998,93.46100000000001,8.057,401393,25.4130001068115
Eswatini,2014,240.437,97.229,0,414359,24.4950008392334
Eswatini,2015,241.404,100.49400000000001,0,427336,23.6429996490479
Eswatini,2016,239.02800000000002,108.288,0,440125,22.7180004119873
Sweden,2005,658.4609999999999,735.494,426.72299999999996,4688555,7.48600006103516
Sweden,2010,576.11,731.2730000000001,455.025,4944327,8.60999965667725
Sweden,2014,757.164,826.6940000000001,429.444,5143382,7.95300006866455
Sweden,2015,791.893,844.112,428.557,5185238,7.43200016021729
Sweden,2016,826.6850000000001,856.094,426.188,5248306,6.98999977111816
Switzerland,2005,524.222,574.7830000000001,199.696,4171832,4.43699979782104
Switzerland,2010,492.508,605.1840000000001,248.63899999999998,4450003,4.80700016021729
Switzerland,2013,483.707,617,279.832,4656463,4.74700021743774
Switzerland,2014,483.9,0,289.722,4742990,4.82600021362305
Switzerland,2015,490.469,614.47,294.45,4814238,4.80100011825562
Switzerland,2016,498.33799999999997,609.7830000000001,295.14900000000006,4889889,4.91800022125244
Syrian Arab Republic,2005,2252.15,2389.38,360.73599999999993,5196070,9.11299991607666
Syrian Arab Republic,2010,2429.4500000000003,2731.8300000000004,573.93,5757406,8.60999965667725
Syrian Arab Republic,2013,1547.32,1857.1399999999999,659.823,5252233,8.67300033569336
Syrian Arab Republic,2014,0,0,791.7750000000001,5026201,8.44900035858154
Syrian Arab Republic,2015,0,0,772.877,4826376,8.39200019836426
Syrian Arab Republic,2016,0,0,697.415,4794376,8.25300025939941
Tajikistan,2005,693.0780000000001,984.41,148.879,1803934,12.9809999465942
Tajikistan,2010,682.09,1031.72,195.697,2123307,11.6339998245239
Tajikistan,2013,664.93,1062.98,194.685,2299982,11.8219995498657
Tajikistan,2014,662.4269999999999,0,209.17,2358002,11.6490001678467
Tajikistan,2015,683.1619999999999,0,224.76399999999998,2413622,11.3500003814697
Tajikistan,2017,771.04,0,265.42599999999993,2517312,10.7379999160767
Thailand,2005,5974.620000000001,4533.17,2359.13,37784048,1.35000002384186
Thailand,2010,5146.54,4807.09,2426.58,38936975,0.621999979019165
Thailand,2014,5182.35,6791.620000000001,2433.14,38974785,0.575999975204468
Thailand,2015,5081.08,6757.17,0,38888599,0.597000002861023
Thailand,2016,5063.49,6570.99,2410.71,38617510,0.688000023365021
Thailand,2017,4952.6900000000005,6335.21,0,38696862,0.632000029087067
Togo,2005,996.707,404.46999999999997,0,2628737,1.97899997234344
Togo,2007,1021.62,408.964,32.502,2762375,1.67599999904633
Togo,2010,1286.6499999999999,0,55.958999999999996,2939122,1.93400001525879
Togo,2011,1299.8,545.8609999999999,63.496,2993609,1.86300003528595
Togo,2014,1413.21,0,66.52499999999999,3258327,1.78600001335144
Togo,2015,1413.55,0,71.154,3351930,1.69200003147125
Togo,2017,1524.1899999999998,727.949,89.092,3544016,1.65799999237061
Tonga,2005,17.032,0,0,37617,2.13899993896484
Tonga,2010,16.848,14.777,0,39074,1.14600002765656
Tonga,2014,17.093,14.961,0,39899,1.11000001430511
Tonga,2015,16.981999999999996,15.8,0,40127,1.08000004291534
Trinidad and Tobago,2005,129.70299999999997,0,0,655413,3.46900010108948
Trinidad and Tobago,2010,131.35000000000002,0,0,655877,3.77500009536743
United Arab Emirates,2005,262.807,0,0,2928896,3.11999988555908
United Arab Emirates,2007,284.034,0,80.296,4075438,2.46700000762939
United Arab Emirates,2010,326.58799999999997,0,101.906,5980833,2.66300010681152
United Arab Emirates,2014,409.77599999999995,0,143.06,6564190,2.06100010871887
United Arab Emirates,2015,460.97499999999997,0,156.61299999999997,6640374,1.83599996566772
United Arab Emirates,2016,467.72299999999996,441.51,159.553,6676773,1.6360000371933
Tunisia,2005,1184.3,1239.47,327.034,3396706,12.8719997406006
Tunisia,2010,1030.11,1163.83,370.058,3806039,13.048999786377
Tunisia,2011,1027.97,1152.1499999999999,361.92999999999995,3876745,18.3339996337891
Tunisia,2014,1089.22,1019.91,331.802,4007660,15.0579996109009
Tunisia,2015,1114.8799999999999,1007.9499999999999,322.625,4039565,15.2180004119873
Tunisia,2016,1139.31,1047.04,294.48599999999993,4061704,15.5139999389648
Tunisia,2017,0,0,282.204,4085723,15.378999710083
Turkey,2005,6678.2699999999995,6345.06,2106.3500000000004,22316261,10.6359996795654
Turkey,2010,6635.160000000001,7530.64,3529.3300000000004,25218278,10.6599998474121
Turkey,2014,5574.92,10898.58,5472.52,28631602,9.88000011444092
Turkey,2015,5434.150000000001,10969.18,6062.89,29710011,10.2360000610352
Turkey,2016,5360.7,11019.15,6689.1900000000005,30750137,10.83899974823
Turkmenistan,2014,359.064,650.998,44.410999999999994,2479768,3.89599990844727
Uganda,2005,7223.88,0,0,10083345,1.89999997615814
Uganda,2007,7537.969999999999,1031.52,0,10855276,2.25600004196167
Uganda,2010,8374.65,0,120.646,12188774,3.6800000667572
Uganda,2013,8459.34,0,0,13681063,1.9099999666214
Uganda,2014,0,0,165.39600000000002,14209309,1.88800001144409
Uganda,2015,8264.32,0,0,14759486,1.87000000476837
Uganda,2017,8840.59,0,0,15900318,1.69799995422363
Ukraine,2005,1945.72,4042.8300000000004,2604.88,22162593,7.17999982833862
Ukraine,2010,1540.28,3132.9700000000003,2635,21666129,8.10000038146973
Ukraine,2014,1685.03,2713.65,2146.03,20943459,9.27000045776367
Ukraine,2015,1536.58,2370.3,1776.1899999999998,20935451,9.14000034332275
Ukraine,2017,1644.26,2334.98,1667.29,20538844,9.51000022888184
North Macedonia,2005,110.149,214.005,49.364,886511,37.25
North Macedonia,2010,110.759,196.991,61.764,945638,32.0200004577637
North Macedonia,2014,108.254,170.834,60.572,963926,28.0300006866455
North Macedonia,2015,108.827,168.967,63.543,959939,26.068000793457
United Kingdom,2005,4634.99,5760.89,2287.54,30589897,4.75
United Kingdom,2010,4421.9,5538.23,2479.2,32010415,7.78700017929077
United Kingdom,2014,4737.07,6556.99,2352.9300000000003,33143711,6.1100001335144
United Kingdom,2015,4617.320000000001,6374.67,2330.3300000000004,33408045,5.30100011825562
United Kingdom,2016,4721.650000000001,7642.06,2387.2799999999997,33692950,4.81300020217896
Burkina Faso,2005,1270.84,295.412,27.941999999999997,5325133,4
Burkina Faso,2010,2047.6299999999999,537.988,51.166000000000004,5906179,4.90899991989136
Burkina Faso,2014,2594.02,841.886,81.31400000000001,6359994,6.47900009155273
Burkina Faso,2015,2706.8,965.55,83.598,6577016,6.7039999961853
Burkina Faso,2017,3040.8,1162.3,105.40400000000001,7025864,6.0149998664856
Uruguay,2005,365.53599999999994,323.087,110.684,1584137,12.0089998245239
Uruguay,2006,365.388,323.027,113.403,1621851,10.8439998626709
Uruguay,2010,341.885,321.397,132.39800000000002,1712454,7.15799999237061
Uruguay,2014,321.779,339.22099999999995,159.772,1752311,6.54699993133545
Uruguay,2015,316.86400000000003,339.74,156.342,1751444,7.48799991607666
Uruguay,2016,309.806,347.841,162.42700000000002,1754184,7.84100008010864
Uzbekistan,2005,2383.3300000000004,4515.85,265.957,11145139,6.92700004577637
Uzbekistan,2010,1970.92,4448.98,289.20799999999997,12952794,5.3600001335144
Uzbekistan,2014,2033.8799999999999,4082.71,260.453,14364639,5.09000015258789
Uzbekistan,2015,2134.6,3964.38,262.368,14676622,5.15000009536743
Uzbekistan,2017,2391.4900000000002,3892.8900000000003,281.45099999999996,15261696,4.97200012207031
Samoa,2005,30.964,24.01,0,35819,5.1399998664856
Samoa,2010,30.871000000000002,25.997999999999998,0,37433,5.52400016784668
Samoa,2014,31.352,26.322,0,38643,8.72000026702881
Samoa,2015,31.997999999999998,25.994,0,38895,8.61600017547607
Samoa,2016,32.629000000000005,25.964,0,38932,8.60599994659424
Samoa,2017,32.949999999999996,0,0,39195,8.32400035858154
Zambia,2005,2572.8500000000004,0,0,5083661,15.8999996185303
Zambia,2010,2899.13,0,0,5641054,13.1899995803833
Zambia,2012,3135.44,0,56.68,5943592,7.84999990463257
Zambia,2014,3217.8700000000003,0,0,6381870,7.70699977874756
Zambia,2015,3215.72,0,0,6616327,7.44600009918213
Zambia,2017,3284.84,0,0,7099751,7.20599985122681
